name,ring,quadrant,isNew,moved,description
Sjo,Adopt,language,true,2,eGxiTrouLSWoBMzSqUiNZffGzOBTuBtvlSxUbpoJTElyDRJkFhLlxFPfaJeHefhmRzSVrNAZsmtozPvJfdrrIWRqKcKXyhoxVELHu
pvRae,Hold,language,true,-2,OtSBuySVgaTZslnNmCZJehOdIvHrwHYsifD
tupLJaQNhpHa,Assess,data management,false,-2,OMWrXzYpoRmAXOnuDzQmSDRMmuhkBIKPJVK
rWGC,Hold,datastore,false,2,TzoyyFWkXEKyPzpaxHxZcPTZiblDBwhVEXCdSWWWkoVTqISyPHsZXK
sTK,Adopt,infrastructure,true,2,EtKirVmgShLuNJxCBEYoeCtrSp
esnjQZdPKnP,Assess,infrastructure,false,1,oFQfJWcePqXijibtAuUGopgdlZwYBGRKeKLqBvqGZueaDiEtyfwaJrQsfypXNzucZGzjGSziPdRxsXkzEUXUAEObfIRULaANCbpmiSJwNVbMMLuXPMAcgoVvYNERVkZNBDo
svUFwyngglV,Trial,datastore,true,3,QSVwGVMthofMCvasuAjxyCipJRjLUXCBcXSuoFeikrfXJ
EoNcDFY,Trial,infrastructure,false,-3,SjUenOoNFzcfEppQvcBvkINFfouSSiKIBgsEiQcIYloykQYtYoMbBklIjYQDnrSzurUjMVVnyLBGayZJihFqtzhVRpBRZnKkaDMcTwsaaDHfVe
xnGxjiKcUMKHIa,Adopt,infrastructure,true,1,TFIZKiMsOsBbDVLhOKGlknPQgXChfhhMxzVpqhY
OAxjHc,Trial,datastore,true,-3,AWGdVAQnqHauPGFdxvNqVlMYQIliwYmXarKMhCgWHuHXGxcoJVODrJoiTrzxaAPDqZuh
CWZmRWutVK,Assess,datastore,true,2,YibVUNqlowUIOHutqbliOCaTpvRsGzkRBEStMYSVhJctzomnrIcWd
ccCHttdNWjwRN,Assess,infrastructure,true,3,euqZfGMIcFqdSFEePCWdfOuUcLaxKsxMJiZTHYWQiGnbFfDlPauGqrGmcNnZQwxfwjsXNLGolQMWoDxgqSnFOTmBKXYvoPe
FnJNNf,Assess,data management,false,-2,GYAMrPioHzyBEodhSGNSnQAnkhMBoqqDwhaRQrNuLNScIhFWfXtJGcUFZkafsNMcekwEkmnylsBtccfgqEJvrITSeVIThqqwy
CVkPdnMqpgx,Hold,datastore,false,1,vaflfKejnabJMvbFfVpvgeDxPZRpyQQsTzbkdyuKsgAVkKBcPOVjCUIiYuljzcFXpVPCNXSIGoNzkuFBFHTgQHkFhdOqCOceJHhnNqlAjcSVZoBKBtIXrpg
XSN,Assess,infrastructure,true,3,VZgoqXGgXFkwlnTKrgihZykSwiyTZQZDtRkTbVWpUdhXDcFClpLDvwgDouGpBAzISjAmLpwWbHhWzDyEjENdnGEcBeAjcYjlZwGnFZQkSjSCKwpXBnHYqCDofrdxUecE
ulTMALzFUBdbny,Adopt,infrastructure,true,2,MQSwMrQagpCkNdwVeAplAITsUfhdUejuksrRfkfOkBRIdVFhTlYTwXAsJhqQIscIygpJpYTQVkVlEEXmqlkRU
hcJPZyL,Adopt,datastore,false,0,jjgiGRswiNcqfcVnqEyHteSt
RPeTOMDBInSiLOI,Assess,language,false,2,wQWcReMYTlVHmtRPUkDaQfiMRpNUDpiRCgzLhHDaLyEGYjdFzMQVOGHlZBlsIi
cwM,Adopt,language,true,-2,PjatBxvhubwGeKmldJOcgvzeNgQvFbFAtXbiDykHAeNZzMdATzucvJhRNYMxpkoUpYarPKzwrj
Yx,Trial,data management,true,0,quMYbOwTfTtjLIQKjENLnjprKV
RA,Assess,datastore,false,3,kEAHmXbnYBjzrKjLTjyNjpYerHhlsetuUDZvEAggiChqXVxosbFbjwSlUQdxSJPoegzTzGFzoKCTGUgspaOxsPvgivpyCiwEVXxBcaMcWNgWEVEQSzKmKkZjIWswOTdJaKvBVrrWQnGvy
wxtFaXRUhk,Assess,datastore,true,0,PHnHXOQARabaaTepdFvLnuKeGSrCOBhyfgQdDxkOloLTdExByIDKnpgopiSEsNQnvjKgXrwutxolZpYhPChZftuwuoTkwrfBnvSgvCmCI
lr,Trial,language,true,-3,dfxgPQYkleNLFNPDmnCRLZmqbIsfUZemGlivzTEtzXFAUPiAqHqOuqZDORzEWhmqeOgCVibIeWJgckENwaHkCVNdkjMxmyQqaRWGVpaWppHqEMGWeiHjYDrvnpPbaRmeqt
kdHhdsu,Trial,datastore,true,-1,FDCtRdfOYNNRTtaruFIgTsWXSmFLVaITqqUuIzPpfMdkWKhZhNqCduVHVBKpHvzaWKYvXfDRxbWcFbwYyWeEnPNCzGX
ztXEYHObsSbJwWv,Hold,datastore,true,3,zVxRihqyGJGxIMHycDkuhAjMAQvdgfaqMyxamHFRAGrWCtKMtBUEdFFeL
yJTTSBnRnx,Trial,infrastructure,true,2,bYCQNMOgHomEUHSohkujAeWXDFMLKxaE
FfMncbCZqY,Trial,data management,true,3,UVHWgnKyZfxZGkxSlXlu
cFPZkybiWkr,Hold,datastore,true,3,vMyxfYGpMyccKpnHLjGgyRZWhtfubLkBhELYQiGDHYLntCBhXTMVJCoHZHVgQYMQqmIjbEqCFGeJnhKiYEcOlHyOggkSJSDyFxsYqFpNZgOJWCAWnTQwPnVvSfPjnqMguszdbLhbffvNnln
CgPGEMrPmnJgSf,Adopt,data management,true,-2,mdeNaQfQCEFxaGNBqYuYgkEZfaWESfRnoGJNYcUpgPdtcVcbcQaDNqLQzWaelUJaHbEnPACBkBnrfDZiBxTKbcINjBUNSfcPTrNMQFhhTURpZyvQVBejDrPBUVaMymcZRCOSoWMZWOqttwKfBfg
hzXTS,Hold,datastore,false,-1,GYSafvNjsMXGZIeRVWovabGbxJEePUCwfGVfjznhfOCybdrutVhtuxdUkTbLKpohugQffpnVDjcmtiAeqsvBhEXGJRHnXpQfCmRZcEykGlsqRARrOcQMkctfrsnSgPf
rGAWKgdihCd,Assess,language,false,-1,ChJVnFfwdcMuERAXolLNZljsuhroyVrPMNaITuUSDtDmVYGFIuOUgHUpuCvrrduHUesdiCTybQIZPGFhKCjtEXgtAGYElaZCPI
hKfTnvRl,Assess,language,false,3,xCozDmRMSINNFAZAzYCrIasCclyHhuJFkzTctoejrGvmLJqvAC
wfyK,Adopt,data management,true,0,vslFFzekMlPVpOwGTsQdPXkgVzTwWIJLYzjCtCoofbCQujSVXJXKdInJQOjUedEohTeVtLbHDgcBTnvoFh
bPXZ,Hold,data management,true,2,UiDedDoKAjPEayctGETpvdccUAfKFHSwPwVRwLoTpWiufpbgVuRStZusXerlvthOuuKegulwMFVWKNFJhnOMuryAwrWiTOsO
pGmgEbI,Trial,language,true,-1,UCnXxxLnQkEnjaqfQEKkyLsLRzPJVFwdcBWnQBZUFjkHutUcGIIYMwXX
HwqL,Hold,datastore,false,-2,APnWCkAPuQjroAGHcYvrocCFjMdQNJGXeaMOUMvDbnCzMGYICMHEDMRLoSFjcWCjEAXoNkTVHBbdkoSyCpvgMESoKlEUrpdEphjZJbApkFDLrpxpmrffnEfWQCptZnBmvWcNOpIpsgCRsXtz
uOWiIezqZKSMN,Assess,data management,false,1,XdNCYApEwRVDFxqjFMwmXsZOQusoJupdpfgEQBpcYDHzFudVkcMdTEPhckidOuIxLUqerKTpTBwbOJdOsUxrWilCQODvLMlDnKWjevzezjqqjzpBahpKJs
hqxOHoK,Assess,language,false,-1,DPMGYkmWqQVwjorSZjiZfGODmAwcXZRtCOhzEuxOPFpDvGPNzkXSvsXeXEsjJhpoOjdnpKyJ
BFBDkeuJ,Adopt,language,true,2,QgLKeFmBappHsUQdTeiPGBAWfreOMpvHBInTrWZmWXKzbRVLIkOT
psoXIzgJdFdnBLe,Adopt,datastore,true,-1,BlCWfiQcCQWRrTHIqoIJkQc
LjJFjLuu,Trial,infrastructure,false,1,EdiJFriKsJufTeBXxebsCuyiwpdlJMvPwdpWCfvgsjexOzyfoDYffUAPSaXpxDwKBPKTXLrsyswypiYxSggyq
KFRprNua,Trial,infrastructure,true,-3,uNftzygdkdCpzChUiVWPZgNbuyIpYKJkuOYQSIpvwhSNveFmuPXQujSFBuOhVR
KCm,Adopt,datastore,false,2,uDKfxrWverrkqgVhfoPXIJegluCOr
HEnVVpI,Adopt,language,true,-1,EilxyHFulBECHLpOAPKQtsvzWIglwsdIyJYRhHoyIPkrngflAvimeEloqmkPMxejIXJcEHb
FUZ,Assess,datastore,true,-1,zwCDcSfUuLTPSxvRsesQrjzmvsjcjeHvLJzlSLpYDuxlRjWmyBKmfyKWBCfSkrvBUyjAbnaLgTvopMBRyU
dorWI,Assess,datastore,true,1,ODpRoplFUToJvpPhaHlDCtuuhbYoocDecxsxYAAiTkfkDYxwpLFAdeqOcDKelEKJpAfWcLoiHRoaCjCWfcdZotIrNdWkhKlQGZkIwVspQymZnqnAWeDIBbAtFHnZXBcUYlFFBFKmvvMOLzp
wEeDIXAPYy,Trial,infrastructure,true,-3,CretSMjooPLpQFBPymKTzfgMlSVlOxLvhccMFzImkJgFgGgKWyWvASHVCqZUrTTiGJDnRlacMVSPzAsULfvmzXpPkXUmVrYLkGfBfvweooCTXvkap
KatLAyX,Assess,data management,true,-2,QiOuanByrqmNxAzchXJICEoMnJyYsduYMlrvOfOFPjPOGqXDImmIUPNOaULhgZwRTBKjnrdqZtIVjKpyMalnZllGUUmGPpstCbaHGbrciBFanNToSlDirjYzplXIUTFKyEnlrEZZ
QVuXfLDFa,Adopt,data management,false,0,XJmAQvLwIqDekVsITwAJNZbnWSFmpDWoxmuXBsOIJSpfaAmNLnMjAfrQPwRFt
ZROkUaykZNb,Assess,data management,false,-2,avGAazbdYSYjfcVJYOUCVqdeByVcemsTOGELnszMocqzWIkZKoGKJDQyfeGf
XUMWYvEgeYu,Trial,language,false,-3,SgeGsbjPIDGECVwCYunanFBFxUckOnsETzopYSwcqAXxFNHUByEQL
ahbpUb,Assess,infrastructure,true,1,soOuyksABgnrhRryMXHZGwHNdZiLGYatWzkPVLtBUboppkIJfcvyisvdtLpxMl
cGtMJVJbA,Hold,infrastructure,true,-1,UlzaZnoPPeRLiHlUpJqxfrSBtwPsIqE
YWcNmLuqAoyXJK,Adopt,data management,true,0,uJpRAHxrCYravMswSGheprqEsVdqBQkvUftNBTYvYMqSxPBMvjtivERmedVxTyEbCozZpRIkVMSHWoPEtpUYMeqDhtaDYVuhkeHwagtCyNgBeJUmfnPl
OusXJZjRhp,Adopt,datastore,true,3,EZoYGoviILWtgVWVIrfxrcsGnHksIhnZZXumfdhrOAbZsasjeZzMUEIkBagUeYaWNAJwSxIsKYvowaNpKaeNnokboDPjlGVMkcTxYDEYzmVStzAwZNqGesNbWakvYmaMzMaOmaOzGlRMqBSjWxz
HbafjqhjZGrBQpV,Adopt,infrastructure,true,2,kmgvlqBYNGOPgQUrqWNrRTMqwBuqBWSncMWrgGZxCmybfnxmOHrYCxFjnHtOlAezwsmzrNNiJsVrekOuK
hWuKqehjK,Trial,datastore,false,-3,CruQNUthuFhspXcUMTkWyQFVOVmvKIDMfzxXMVjdZvbpHlwiGOjkmpvRzwENvMuNkuuEjrNzhvDDjxOWEFcDYUVFsnvIHBKIXfMauYdqtPTmaHypgPefxbNUlXkrtLr
SXdfjMZFaxix,Hold,data management,false,-2,kFTobvhMBqNtBIlTfdxbHSHTXCTCxQJdTOvKjnwgnuGnPuDvBWwtZdpCEOts
bff,Trial,infrastructure,false,3,nqKHPnNzmnTkTUFNtXIbJZmpOglfBSfXhrY
AwZOPPdk,Adopt,datastore,true,-3,NAqBMtTLHKTeTRcRzDiiqhIdpfbheVABvyLFkkxNYIORieTtviUyKOythdUrFeOKoWihNREEZUYWATB
CXXEvV,Trial,infrastructure,false,-2,QidCqJWtZUUcXPCRMAwLxmeyAPxNsyuZyAimmQWbIrvmbLrrxWfQWlojgztlWLNtSiKPguWJ
iKym,Hold,language,false,1,TCRxEvQJmsaHYEeNvhEzCsHQKUJiVpusSFRcLYVxclkrpkwYKVSWzrkVOUmjvBiROCyjmCjmAUmBvPSIwpFtQbwdizkQHQwzmgnzZiaQOwJwuXThMLDnPlLqzsqwfsNhkP
Qp,Trial,data management,true,-3,DtGHGreLKqkepNQWEAdoDYl
BbbtcRgSUtjc,Assess,datastore,true,3,HcUJuwxjVAiyWJQLzBEGlwXs
xx,Trial,data management,true,-1,ogUjvOtnzyzuyYLxMeiZGYIFJvBMoAODUGdocxpObVIHWgmIxEPZxXPdcCHGvIzOvEoIdpPRVjwUgAZWCINRTPtfoEtHjdxnxLfuwuZOXbodCKOdUFia
JsnpqigbdcvUG,Hold,datastore,false,0,yUpuzduMcnvZGnBbumtHRresjZNRrcxsgynGuKbQVhXcKcddxozmMtlssiPLiMIhyCxHskwZCIimLckSotOBXqmjBnnhMZsxoUqWwNnzyoliELBgpojr
CUqkuxOYD,Trial,infrastructure,true,0,KJqAhDEDHAEOAWxpKIqMSvxmpfbUne
CzvJfxIWx,Hold,data management,true,0,bwqLZwdSGXeyZgTmXTFiYqTZpdQujUoemqSeDaZNilmYphDJXSTnwmNZleuBJqQdEisdCDEMAzdiIYQF
VrEPMDIuyNxkEr,Trial,infrastructure,false,-2,XGvYovCRmnYFQHEhtuIVnJvpCktAqBbQQmvfytNhJlozPbDBtUXuVpkOIsZYaUvPnRnIOehPYpOUsFKQfszBzbkBbeQMlhlWxDqQTpxftsDxGiBHraFFlrWhkXtlKtOJTWYKyfNxsb
tM,Trial,infrastructure,false,1,gDxlKVREKexARsLmLYsgqPThDNZIBbmMHVCwptaVvMMEfxTHBJPtsXvyTleQYtDSWKlsebXFdsVtuVLSUojrucklaplpSbxBxygquuFZvbAoGVgArXsLwNYfzOMninLLurKavWYxt
VJqf,Hold,data management,true,-3,jxLWcXjPSDITfhWIuWpyUvDizLrqyvLtNyDTZhkZfvmhCMaSYdLlgXUIRVRhFrXSJaUrkMAlANaaoKVCdwFrKiiMDKJgYBWDlthyNImSWua
FlYBwLImNXD,Adopt,infrastructure,true,1,OtDQeWBbOLrvQpNsHuzZVCHxgAKjjGDtYXzKDncHfyojRyqoUCCbwXENemeCCibhnLjOjNmaQGIMnrqLEMUFnyQDFtbuQOzqjhuDFyuYsppptJjDKwNNPrWuVoo
wyMsl,Hold,language,true,-3,UvQYTKinDRxwSIRaKcRDJGeXomZtngRffyPvHZgIpvWsHCOkzCXqWwQrNFNvWQdVPqbIelHUNuIglOinCUQgqetDTtfYrAPXAdJCMEHKbqClQmSsxAgQCmWkXDdmgZcZ
SzowmJrhKIdYU,Assess,language,true,-3,TzwkBkIMuUoqZHcTmYVvXVeOmCLbJVOAPqniYhssBVOuURTtROoCxqKtwUoNzEkjjoAIGQInKNqFWyEBQMAVbSlmCUrXUxwsQAkNOhxXyvwxEZ
heJ,Hold,data management,true,0,BmKJDGkLamBzCUSEJjGxsWzwnzbPTfqCpHVhncHBWprqhxYUOjtBccZwkPWFpQYkNZroRcSAUxvBXeeGhxHsbdvaXbhHziwwtIGfQsTzJp
ofYnzdNUhCLz,Hold,language,true,-1,mHVONVkkfREEOrDRYgVodrCyLOmMzJyauUCQvIZWpbsydEoRarjyzyxQInbEcGhbsZkfdjQwAuYpwBaHKslYYUwVKHIhg
yvIBsbwEKpkhB,Hold,infrastructure,true,2,hgzMQtwocZLSyLMPaMAvkZeqtqoNSVAWhiD
tqSglZyMrMyUg,Assess,infrastructure,true,2,MkgeAxzyjOyZzoTlDBYBVgHDRxMInuOlaVnsYAvcWZmmIlPLfplErmBQOTBKxzvzJzKlWJvSCtnRGUdbfWVixDiGty
RYa,Trial,datastore,false,-3,UubrzTQUXaVqhckpivUBQvyRoNMgXZxIHYgsZCRgkxHzguMdvtNMKfztvUDLcqGLYAHErXMEYyxYqVLRvUPFpaDazcbGnmWlVmyL
DZhjVGAchRou,Adopt,infrastructure,false,1,XVsELpHlUdZertuvbztHlsnbGPKCdBVoaOkWx
GfZnKGrmEhkqvWp,Trial,infrastructure,true,-3,jLcqQzIjQkelDlCoXgxAuukgkqWphIXbyciTWsPUllhkySBsdfBOrZImJwbXgiwzljFGYsBOQFfbpXrlrEoxuqFMssrxrmPVHnLPtDCBmrMQvLw
dI,Trial,infrastructure,true,2,EePrqLscHuxyCHMxREiEPQivwqOPjZZDvnRtuVq
UeYkkbbkxiXVq,Hold,infrastructure,true,2,TcjCHQrrgviMbEpxuIGsKZTEmriQKYyGWeLHzEGQSqVOvkdPUFDxfmGNiUKOCUMXRXCevcfuIoPLEfdfQDVWuGjIVBwHpYKMkUQQpevuMqiPaV
ZiRPpZP,Trial,datastore,true,1,WJcPPALnEbwbCjsqyVfZOUVYxXhtT
JWNL,Assess,infrastructure,true,3,zgCiObnBketLbelOCdvAVsQWjhoRyKvMMquHceLNJwHijvWjpzboZEmDKFdzNyGfkLKzKOzOMsLxSJCypdgvBdRYZlDOUsEYwqelpzBirLsPsRiRgsXxNboDOsp
sEKmgisHjMttnen,Assess,infrastructure,true,-1,XxsjFLFLRmUyDctAoKYcJrsslISWxVjCWBmatpvZ
gDyij,Hold,language,true,-2,hFgNnQxJcxsuhtLqqtkIiGGzCIleTklWCNpjUYGfGnhShblHgdPypvZKuvKnfgxSUmcqBCibDLLFgMnxqCEBzAMZIcjKAgjCqbuKeDHiHroRYXldOzEFppgLqbehZzORUCOVPDiROAFxurhOqyyBex
RSXjjx,Assess,language,false,3,NOvaUWtngKRXZhlXVwMcxotnNVSYUvnJMJItrgVokdITmnOEusDxFfHuyafIuekhTmxsRApGjEuApq
nsikYRpWRhOhcTO,Hold,data management,true,0,EWmlrmDgdutwMBuJYiQDZb
qRxd,Assess,data management,true,2,DjqluqdGRLveFiDgQvrjuhxtltozYiokCHABYjBVxvhWmFLudIJxkkaDaADKutpsFLiREgssfmIWtJIaWafXmkGxPEIpYUkktmyiRusjKYurSCNHDGXDdbX
oUleFX,Trial,infrastructure,false,3,RBOzQAkBefCITgPTSeMAQPCcHRUazVefHlrAPwmtnfVOjXWFHDwmuaBQuqnhuvRpJufXHJpwxmjOyqTSPChCIxRpRgLtjkrJKVDpVwbvTMwr
yrUYdAKxtPzoSL,Hold,language,true,2,JXipynuGBQhQxzzkpfkhFEBmyUnQcIFHVocQyhrmtLxXmqmIbqThKRPsoxbEGpjqhvyYAHwJOUANJNdlBQxyixFySMGgFMzQjPtancUHWERSbvG
VJK,Adopt,language,false,-3,sFyLhHCGHAwLxekFulTVqVTmbXhEBwfBLakAYZUqBchLNZbPHauRWqZFRowXZKJndYWsUUIxAQmaYMrOws
OMDmViKyzKRzZ,Adopt,data management,false,-2,OWPzADlbsHnmOPkVcApz
qpnztGBMxDgdDRL,Trial,datastore,true,3,FOydNHsSVSbGMPeoHVDaVReRjxeBAdExtzRcDTcIgz
BljZyhZTHxDF,Adopt,data management,false,0,YNHhKmYhNJCOXKZzxpFfwDrmhITlbYcOOLrXDAQbkp
joKRE,Trial,infrastructure,true,1,bkBPkJLkhtPYjZyZKtlKyOnpcPjAzUJVOzyqyLVrxugjpPnPGgaNKlNfZJrPvDfohiFTTPsVrorfSksBlraqoWUKdZEB
pbsghyYgMIhrWGR,Trial,language,true,3,ktNAQngLgNkCFFTdbOpIlRCzhlMaiJPQvtjSGEkXxhkUeYflmfOqOKJMmaLrEgzKkcgBUnfiBrJEqsQcDEEXcNYKuRXGMcxSeLXVAwGFf
SPNXklCbH,Assess,data management,true,1,nplCiOcTEXDhriHUxqaQMlQJuoSaUQqIDnxpsXEWKHO
gpNWOXfVecdRK,Hold,infrastructure,true,1,KwEWrWeRSqozWuTEHzGliRZnveQENjRxheVhTYIIsDVUXuUmzcmIcALOOAyFxvgLRQfsEMAcqoIuCZREmSwfFvTKeiJFxCzrykRIcVSsnORdqQGRHZlXzrYZYljjwCYu
mxEkVg,Trial,infrastructure,true,1,UqPZHeyRvQNPEMnCoAXWDNJhiJAdMQocPONSZVcACjfFCbsyOICypRZWcQhWlbIeYbUnOMNibNVbfZwlKcKAItPCmMKnvLjjlPvgQrJRVmBPVzIVtmRyuHYiBweYgTtYeWLwXbMiUdvn
mascpEpMXL,Assess,language,true,-3,IlXHuvdgVNhodjcWhmwnpJnEPcotrNBeWCyyJYMOWSSCconiuTecIyqWkdeQgUJvdwdTVUnkynLaZGrbqunLFjYnrbuQHrQFPNsKFJltcDUdgoDcR
sKsjm,Adopt,data management,false,1,YMSdwYRutxeAEYGrLnNHqTzCzOIySKMSGbdBYzonxWjCXNlpgUgtohvIifWgyympxTbjploqHipksiyIbKgHkt
WorBmnMFGGZOgB,Assess,data management,true,-3,AczbldJpHKvcVrngtLEvigsSLIpqNoAuOezGKHyHoVoeSUalRQPfPFPBiNiHvxxbNWcZAGFOXjUSstvoKMisR
TYLRFSDWKRMgbW,Trial,language,false,-2,UUXYbzViVdpVVwgqVOIjCOqamxHJEkeRVdyhqPbURaumJwROPfgyFFqCjVKqMcEjRUPEvfpJBJRpB
UODjUiFsHSj,Adopt,infrastructure,true,-1,dhvXPuDmQmMmfxGVTmcVOdciXuLWyAzdxrvRCCiIazdIUdpKcrMqUcGLKadKuQOWNJQkgxldRuQuDKEYofXvoCMfAwGkuCCnzGgkCdTpkouZpyHqmw
HxyLDyUT,Hold,data management,false,1,QmYIffqmenUozDFTnJiVbLhDYqtDEUaCVkJVRuX
TAPTPAyFezAA,Trial,data management,false,0,fLsGatzbeyMkKAtXodIHLpqDbOGyDhltZCsfdOvNVjCEuBlNckcHKgqCwAu
JpXTZwQogspv,Trial,infrastructure,false,-2,iwDAhCFeDqSRCnFIgAUXMJCARBavOvwkqOKpjHXxobqWzrJZDfzoMtSqaJyIzBZlJlSugOOhy
HYIltd,Hold,language,false,0,XVLnSoScvHItyPdHyqBG
JbGzIZTjDR,Trial,data management,true,3,UUzQGMoRtkrmEAPnxpoTRqjGwTGejRPCfFQIjtBzYzNXSRUBxxjWZvmYVbpeBZOKsOOBMJujXsppRWecAofcYczfVjnkPhLLbvNAkcKMDPmlfVbAPMHgZJPCsUhjNXzlVuq
dm,Assess,infrastructure,true,-3,zbsvhhgRGBJKptZPuqZeihV
ke,Assess,language,false,-1,XacTvPYojivXbxnSrqeSwuyeOprhLjmsIXqNLolwDaHSWNmFZGfCtYypzAPlJNIbGauFsrheJTfLzKHkBDBdZMrHPWglVIcTicwdlToKGTQwnfYmTVU
ddufhnKKOWHBC,Assess,language,true,-3,lexQRwjNQKPKqDQGrthrkxlJKCRXlpVEsvCUtyyypQIsmTpMbsDkFeIQntEhHuwSvrnjAWPxdwXuGkWVxiMJVYakOfalbVSAiuYhwTaTBcjgYAjKsviXIiDAuBEE
SqcHuEs,Trial,data management,false,-2,AlNYNWqzkDjCltzBGsJqoslTijMurHHcsaotIHncJEDjSvgePhUJqsmRLpYKReqNNdHfzxBEoLBtAzriPudQwFx
XCKQDwmTNZAtSa,Trial,data management,false,3,WxOEscvdqwORlctavIBWXz
Lma,Hold,language,false,2,oItyCvrKZcZLxUuIaSjdGJYwdixCNlwgvJKeuFVpPzZJyOltWkEM
mhJdbsY,Trial,language,false,-1,CsJWTSIzskomDEMGMygyKGvIJDRpWTjbMBPRgTvJTqy
pHaRXpBZsK,Trial,datastore,false,0,PdaFuPqEzYpljbFHEPLBqYnaAUaQrRRdoyPLBIxIenPkkGONJXWlfkYgZXYUMotCYuyVNQTJxUoOFOdgQAFMEcUSeGvbRYrXADhDSxreKHjahHmZSeSdsBfhwmjwYJgeDSCfBodalEUWO
Ar,Assess,data management,false,3,pSZUPymoAdcHjlDUdCBoFytCAuzUBmNzKhfdQJejRZRaKGPMWPDrCAyWsEicSCd
nNNEiKBzzsvOs,Hold,datastore,true,-3,fRIIutRbjFLPIECKLxuAcEBXYKPhLUnopMRwbyOMOQTvucWuTxffVwWrCTNJ
WWimyPjtEmC,Assess,data management,true,1,VAkOteCFKMVkzdzfHUaLLupzDfIaEOcBh
PSm,Hold,data management,false,3,QxYUVmlksqisbemJJaCDchXoAPmnMsImcBgMXuEnLhJobfuzCbKQjowOdwOKhJgtAEogyjEVmMXJGATfXDqVoVYWyTKqXJzFVilhiowFQHMwFhbGnPPRoUhgEzoaTpgTkojP
PjViiYSYur,Trial,language,true,3,RjjXwGWtcHYCkHpkcdAjOTTKekzLW
iXkrTsTdouL,Adopt,language,true,-3,rvlwoNfjNzZFrPISLFGcsgotsPytFxgifvAvX
ARMXdxdhQOX,Hold,data management,true,-2,UAOVoxXCdHYmfMsverimnTOiPOHZNeXRVRLtGbSLIhRANuntgjuVhvOvAXMAQQzCaJxniKsUZwlMfPupucjEeLHrZRmobXyBnUAhvvHeOlFjigjoYHZacIVHa
gsMsOdJumltwC,Hold,language,false,-1,MvJNMnkIELWCDlZgMfYhqgmBgHnOdntSnhpMDewyDOXSmiLMWCJtDIFfBCiTWvrwUORNzAllExJbKnGjDLNjFdGqtIKwBdibffctOURdsXXiIFAQDh
opYNatsYKbVwxw,Adopt,data management,false,2,zbYlElEsKxOuKnBikadMyrhipjmwqLicgEMhvgIMkyUtxFNrhxZkJ
fVj,Adopt,data management,false,-3,ogyZwnYJFwIgoymUpobTbVxzyqRtmMBhULhZwkWHSZmSglZCugDndqUAZC
jCHzJljKMN,Adopt,datastore,true,3,roDtMIVkEHqfKdLnZLXQrEvJYuqCKrkZMUuOrAWBTkiraCsImXfBcOEmZVtuDhuqaQMSYDAbYSSwSSyeutOZpuRkTrmwnNaO
Nfs,Assess,data management,true,-3,DhKKGPSxPRYbNJSkbgyGqBywLPzXKldUcuuWnggdivDSWJfFOeTCTjlCyOkwTUTqNJyyiBlIEQjynogavoMiTJBpMpmAsIncJXPamY
dsGfNEkbH,Trial,datastore,false,0,iZPBTqzYbhhaBZyaHFORenwYrerrrMDbkqsdyndsqhOaLnbhLyUlARVczNBfRIeRthpcBYMUnXOnHTkleYgRShpOQAelNfdoLzgMnAnfJAfYDTy
eqnurqxMcYaHk,Trial,infrastructure,false,1,yeneghTSNrvAtKLggJBGkPwXTZNQMtHWEGjvukkVVASUYKaSTqbAMlzUXdehCfatZfekDhTHQupcidoAXXrklhyrDOPtIKVdGpSzkPEgZeEmfbU
tLLRvG,Assess,datastore,true,2,INXCKWLVvxVXnHALLhPsVJJjcYBwvEPDkiRvoPgMgfFFTMLUAuyEkHsPtKozwGRFWxchrhEjGCAcsmWCTCdPNutcGyeRTdhxnJnYUARwPJfwuGkphidMlTBz
hOg,Assess,language,true,1,hYEIcAqnzqvSHFIYtuYYkUVPtowGewRBJPfpcohLZbOjesWeCnZYgRMHluviQESLoSyOStQglIxoPVdbIDWwiAHXRdBjjnsuAuJxhywPBZpicVUZd
GvKyMafjT,Adopt,data management,false,3,knXaBHRjuQrozoZodISyuNbKwxtcOleH
RIgBu,Adopt,infrastructure,false,1,vnjfXHOBxqkHFygPTrTAxCRmLgleJEGKUVTCcRdltIzKqrJZHDKUkxbZbkVyNngkbOagBBO
RgWg,Hold,datastore,false,0,WkphYgCGRIitqIDVtqQXebAjZIJnkIeWZLHMxgwUfjsIlUkWPsKsJXCBcoqgMRrUOidaafNuokkKiHWmnpBBdCHGwQjhHljNU
Ocydp,Adopt,infrastructure,false,3,eyuteKvjPtAyvETPLgolsVPYjXWFBccnwySXezSCAtWMKYyWkFaAvUiTm
nCqsCzwTz,Assess,language,true,-2,bLgXZgZwRBSkhAJTIBRZGXMzscWgDKLJdduREATCYqeBSWTcuhAhYJeXrOvbhinoccJCUosoxbQhsTYYjmMJPfAjCBfrEqKGFsYoAIfiQxObrCxLDNOlvLNHhx
Flyds,Hold,infrastructure,false,3,aZWATlnQlnvBeMEEpgwlDMurNFHNuelJdDWbAbJCMKepUxqqvKVKYjHrfqkkYlkIwGUZfEoSXOCMTPObQwczfYZMPpgNwCSwbVwFymsrlPdRSsaDyyWfiQZwHR
tO,Assess,language,true,-2,PsiOMzauXPJBaEELRhMEyGkBATYArsCEFzlySZxLFASuxmRhPuyUVvJCWoyrMUAkuJlVDlIvZfxbyRwj
ZaKivQlFuEp,Assess,data management,true,-2,IUNGQDxNbqlzEkicETdFIYBzDWsLNWLoqgtxpwEdYpNmTktBeaSFPiYTZDCj
GtNaaAXuXCtsgkd,Trial,data management,false,-3,HSPDmtUmBWnuTqFUOfumZcybnBSQDCyODRIUybJhElHkMMojKYOBoUgkztNbbQwDrelnGUNdZepdWtZDApOHmUiYvBbSAhbgAyPxmwKHlaPxcqYKvyhNWBHBpFeqvqcgNExsatoRNxJUnkmMv
vRGiblXEBZq,Hold,infrastructure,true,1,txcJVtWXOpDkSRTEyvoDUUuksfCfTtvHBPPVVXVMCaPmLaWzxHYIvzDjxAHHmqvgnwyxwf
NYzp,Hold,datastore,false,2,OvDkOMtFJjAWaGvzSczCiSqgoKljL
Urf,Hold,language,true,1,SrQyWQjfAsjXgMVjOjczVOsfUCHcbtpZTqRFcgJcrkiUvWPuvLozcoDByPQEKrpleVdPLcavFvATC
WRtALhmpVHU,Trial,data management,true,3,sldYYEvgWPoZqJkopfSgewWdIveMYyTkimBuWjrfgWQsbQWzniUzuaFjjtXsnYYiuhpuzPzhZZYBC
ixtW,Assess,datastore,false,-3,zYRgaVAKGSeiljWjJRtIZnIURxKLmLIHaMzMtTGPNxZxmUyaaJvfRMNGgLUQmoZvnlTXCyPXkTOe
gpxLK,Assess,infrastructure,false,-2,BYhPuZmzfczzSRIdmZYiTBPyTPmDtcVOZvHXIXApLSzijpRrYgpxHKErgiBmUPxrTuVBJgoruLZCxBmldGakR
TDDwWm,Assess,data management,true,-1,bedtnHRHiiQeCVjIBXWAq
tYxozOvc,Adopt,data management,false,-1,lekXtsMzGNHKEPjAHBpzqfPRmmHsrzcIClAJfqXSTBRlhvFedKNmbKBYALvLdDQBCsrlmxVHjPCkUqsvIlGtNXXnBdGEuhyLwolEqiiWWFCvNRfbosQiwQCSEZBwHnHTvHYYPPfda
LVpNszflYwQQp,Hold,data management,true,1,SuESoNqIgsBJGZGXaJGRyYvuQAQbckZuUFYSdtzkCobyHKVdCCefWNeafZRHwMHoGdHZCQqYuFhFBzAaIrheNb
UbwL,Assess,data management,false,2,kQkxiGNfJTOpDWFlCOyBuzMHxtDHSevkZCcyUhzaQzVzsWIewhkOvyeVYnlraHMicmjaKXTMLzahitJFgnsHToHtPOcfF
SgmhNhNEabKhl,Assess,infrastructure,false,-3,qgpoDtPBxHtkUByJyDXpPQUovWVjbzuaiLMQeRZjnEtxfmMNACsFrXvmmFWfGLZZjUtrlUwTUbbyycPcxCJfKUfJ
OKJVpdnZP,Hold,datastore,false,-2,IJwWJsqWyIuRttphferNTEuCOXqIIJsJNboiHzFTrXbUwOycpGn
VYtAVCeYA,Trial,datastore,false,1,MQPPBVgxZEZYeIrEaqBxgLaggqdjmNkxpkyzKZpcxTJKzfMAlJQUmfHwnJfNggKqX
ko,Adopt,data management,true,2,ZYAHfHeqaqBlHVtFZYDRQy
PDfndsd,Hold,data management,false,3,KiZKpTgQuzfGxTZMDIvOAluKGaaKREQAyqxupioTzvjSsDgvONtkbCkUbybOTxhOlwLqvceHtVpyHKtwOJZGoTINdtzravniQkmTa
yIattFyeTUzPtII,Hold,language,false,2,ukfyIdKdzCKgHRKKLSDlxNxLbw
GEJbEghAnQa,Adopt,data management,true,2,uUWpzNThkBFGiybFtUAUFZuxdaoHwfgBOKoepdmRMhuGOSAZmLFGOkwgorlMSviXxQCxmRvkIcWSNyqUWshtqUdaKCyQxqPmzmCrZowxaekQIPtMCJviWmPzCeOrmVtkWpcdfBmWBVBgL
xGUBuDSTi,Trial,data management,false,2,GbJjqOgRgbWggPtWZtqsVlKVTSXcXpWmbyUQOUTvZKeWuSvGqLFCAReINkVmbNOOUBiDfLnozPCuwdyUNvRWBzFPuKGQpyiAfLIHnmyxglsAvXVHtNpRsrMztOXLyQLCQgAujBoiEdWXOhfSnBFAv
XrTfTjqnLxIdg,Hold,datastore,true,3,wAXXkBYDpJOPFlcyMkpBNPYHkeNYCgfRuJdfiOJMCLBaKTrAusKTjvrnfMzHIMBfAxIqzRSJMVuVkUQuuWtxcAArfDBCBlhuCLVybzbetcpksxKtBpEgYmxlzkDEjKyYRXCRXtCBWYNJACzod
RzA,Assess,infrastructure,false,-3,ptZPbuypKcXuooSrjVtLYoaOtDJCsysibNaXjXlAzzdXXYFAGdEcvHoJueStlPFFuvbYlHfIAlbxlvQcGXBwHcvzTpE
yCSB,Trial,datastore,false,2,SCRMTpimWTsmBYMTzYgvUOTIaBTFqWnntFyhufzgXhcqmYckiNSwbZdpQTrICqAngJZgLOsjNoWjTVBdBnOMnbnZPLFgMzHErIadeuGrCn
IoToWspeGOm,Hold,data management,false,0,zxxGphZZyLMxxZWltaalIJrAvaLvbWexwbsmBOGljkkoSk
ESqLHmly,Hold,infrastructure,true,-3,OzeKzhmJVmqUdZTgKNLZILRvuTljIjpkQsukPqjvSlbtCMxvVDRuqwbdxhiLDijrEPUcSfwFDatsvGwYNNIWNEBMGcqSdrKZyhMpLYbVArdPrCSyDjgdGhsagAPqcDKBpHZNZCgRBZhlZAk
GpHjmxr,Assess,data management,true,0,JaHFOJCQnVYIasvNIHvLszlcYkpEeZWiEYQCbUYnkbodbZTvIRXbXqCSoQ
yOtlQqymS,Trial,infrastructure,true,0,NzSDGxgXyjHCSOmSIDDLIXtQKsnBxnkLJiioLBnMcMWh
ToHmClKFGMFiV,Hold,datastore,true,1,VwRiMggJWKPtjUeLJifspJJhHUwKtXmdmMKaJcieCxkDXwksnlHIqQFpluVSWSYiEKlsrWVrjjkMAUzThOhxTfOqivWXwYAGKZhgESI
zBEMOWJY,Assess,infrastructure,false,3,DeNMJKsoSGlSwowdRIfDCBkJvYXxAFpYYbgiZ
gZvPVdzr,Trial,data management,false,-3,OuyQuDlcHEorvuSMVMDHDOTcLPBUMXEfwjnXeSzgp
rCiSFFfyhSFUUs,Trial,infrastructure,false,0,RAEEEhtFNFEUnUiuyDoWhBhWeSGVtVHAFyHOFIhJhPvSuQeKTUIbehHloYKYnPzuVVQNfIucGRgQWeymQYrxphTuyarINkKQgdgAbnkCJHuouLlJaXNeWFtyHHZxWrVTTZ
Ufl,Adopt,datastore,true,-3,TjoiLzGisSmNbJIdnEaythXEiumASPzPZNPXxQcJuApPFdGgIJknUwTATTcUJqvgYxzSAgwSJhZkliIlEzIXSKauDbQmqmyrAwxMxsgNGqitSOPXKOGy
GxojY,Assess,infrastructure,true,-2,burhqCIaRdawecNRXeWHHArSlGbKKvGKdIsTiUmhQPcVrydjwCSxYZoZLsKbNhDpTmBZrquVbpkgsN
tLlZRnQYzVsmq,Adopt,language,true,-2,qbQPBEEcdXinUPgzTwpIOBTSRQJeCDnCdrizRHmCLuBtYbeGToXIlyKAkmnNQTFjarAKTFGRzwdpBQPCEDXRpzyMGPuiFruqgkOnPYtpycNPherFRSZJswuUwkFOaWOznshJKIs
NwyOTEywtN,Assess,language,true,1,tEjRhyzJSlRfghZoSCikyuzrPpzYfklPPbjYBofzPgIVQeGaTMzPltAfAgZhJPqywvSUjtmGrtjNqOHBeXFyiqxFXHTDctXPzstOUsvvAoQeinKTmeFXezxSqiuppDkzkqQCrpkBcrugHzOrmOHAo
CiANpqrzrUORED,Hold,language,true,-1,nmpDjvACFjhpNESaBVTKooQiIKHSxAlIsmJMgfMTOyjHFjLKniQqBJDiySEGvWorHrAlKBoXnRpWeNOBdygSOkZoThIzsWTdydJgUqwRm
kCDCQUCSA,Hold,infrastructure,false,3,VjspwONcYxJlKRvRcQAArjqSlWUmSWrpZOcXmkSycxhQnuLgHKeLCXJovThmTgcxcQSNACeJczJLNIWwuCaqAOimYsFZftaXEmQCwyhrmrGibfprqMghGdEYXNusonVgjCFdcwcNzaHmJvJkn
RtHOpLweORQ,Assess,data management,false,0,PuyobophnEcGxGrbwEyDlopAdXTUyCvOmOKdHvlPejSdIrArdtiUpDojlIQCmvtAyVnNsuJYwGGcsYoLMhqoiLlqyrRSaXYNxWEvzHaXrSXmlmBZzYIxkwWwAyGxXMERkPx
pb,Assess,data management,false,-3,VbiSrjrYVKlGhnzNKpaULEbkaZFtRgrexkqtjlHKPAumauoMlSYTEDjFPuQANuGITDVTdWQJeuGKJUYgHVBtPJExXVpfydDyjPmtCVtnzAEUJqGAUTFAybXufadREplQgAPjS
oc,Hold,data management,false,-1,UMFJHUrATJdgGuPWWoAlXqDykVDAtzXNFgVRYjXzhcxXNZcdtXbPeSuqtrbHAPsXyxJAgZHzlyGIHBjUIhtDISnoMTuKxRnegInZwBAAqPIcoPqrwefysGnWZgKGaAitylzMYJduY
hoWCt,Adopt,datastore,false,-3,ZumVWXybFSOnCLqhajZpAXiGzslWsAEmIwHCuJxRjaOPtxwkszmgByoiZXnzdvzuJUhVgFtreZXFQHJRPbu
LxUJxUmkJtcHNS,Hold,datastore,false,3,updaIIcTjGpiqpIdxFBzJnOJERIgEXLIxgiEwsuZOejudshYWPqRruiGaYZgWkAonZkKCJgOyxMgFCEvadhHwQZDWAFQfJfIvBsgi
uRcn,Assess,infrastructure,true,3,IClqikKfUuLVtyGYgnFOAbzwlUFsarcGtFOIzUnSlugLaZDNCE
DaYNJDR,Hold,datastore,false,1,uAAaxwjDVzwddLVxJvsBdaaaaAMJCqcSaNEFsrSidCI
CWTZgN,Assess,language,true,0,lJNTqMtiwUTLnsStVdCZVHbOOiafIqaHMDclELPDXQbtJjnCAKiFwTNyLvblhHrjsDFuvJPupuzpsbUrCKbCUhnrbzsFllhDpcKKmpKnnfPvHSIR
TaAMVRUA,Hold,language,true,-3,ltcehUucUeFQVZvoJtnBfxQPoQShh
fY,Hold,datastore,false,2,oYoqdBLjVgdOqWRunzbfUZKLkeuWRHygk
naIZC,Trial,data management,false,-2,vloaEwddeQlFLIhPhbAOJNZcOpmQNgUYyBJTYVKhDuFziB
JaRcLj,Hold,language,false,-1,CGDXLjmGeWGqXzonxdInUcYnMbZgkvNQNWCANMezurYNDqYTjreVaeecsfgxPhQGheIOKptJrVhOegmhfHBMOPopNAEubLnwRotiJrxRjIsmxJDpcggJJeAzVXEwyqxkDbKOGbkImRpTfCKFCB
nRDgQbxZsTcmW,Trial,language,true,-1,NhgIdCobrAmwiRJJsWfczCSgOmFwkDTqqVtygZysVlYSbZzwsMHqXdcOrVCdPteNEkmbapwnbpfJgxVLMifrckbfYwjFtrmqYyNGpIYlXwyrMLUUUEQTmCTCzSFL
xT,Assess,datastore,false,-3,TZAXYAozPAPydRZfSSFzqcAfeWdgJhHFGhluRzoEYXaREsfbXhVdbrRXoFijpkgaAbkmOrtDDj
AtmhBMtiFKCK,Trial,datastore,true,2,JtjePnqIaMXLDdqLuJkcMTCiOeHLCMxdYlvwTdyXYFzYqPEUKYzSozhanDKTWJSYkMPwCJgUi
AsHqEFeJWvqzOl,Adopt,data management,false,-2,nwkcAtqsMSgGgkiJxQzzwPOAIyCGsvZxPrMyoDoLTrhbCGrwuOIhTdHuSODxtAOVdlfiDIoqcakmFNefxheNkWfYwowJqbUUsvPMtkYXBKELjRcGnvuXNXKXsptTE
kAs,Adopt,infrastructure,false,-1,nzrWtxyRfNdCsOHAgdnttKHrwbFVvNhkhwzDhQmOSsWEzOfGykfmSbukDUHbbXOrMDiHjsxzNgZUubiWymcSRoFGNzrycUuzpHarWZyLKVoLJyyfiRrOwDXjdEYbTJsDEShexHxtFGYfGDlsJ
JtlbVr,Hold,language,true,2,kRtBzyJMQqOXyKnHhHoZcpFFTFLrNgJDRZSopvirgZKPCEybDDQbzEDQSoonGavGJXRtnbkJGZNOTDlTFYKixvwmCSItdBnQDbBwVgUXgFdziLhNrItJqJwWJQhdQXRqQerNCmzQotdsieicjZz
XoEAvCH,Adopt,language,false,-1,OGWoDQvNODmeCcQwYiFNCxUOaFbxNdudGxVWMxWPtDZgduZWjtKIKBrlvKnaeqKajAyxbzZpaqDejlKQsamktSPhpYjSBUEhicDJuZGVklTKRgoLKnLxAYltuFKuTdLyxFENcM
lYvxKMVLyHSskZ,Assess,language,true,3,gVipyhiyouhSjZKVLNdhbZHMaLAFuAxdfAcRkwhwDFakiIpLCwWgDuaRplbeameRkwR
fyNiIKLjCE,Adopt,datastore,false,-1,bvxlhcirCdaupHfUqOqLcFHuKPeTNDcuaqyzeFFVxTKDAIqONPpKiNdtpJl
clLDzVieofV,Hold,data management,false,1,cCEhhCKIptYxQoguYBZDAgViMRwOHqcgqbAEQIkLVqYZHzBjMCmnQKIEszVhSxRg
OPbmRDJxF,Trial,infrastructure,false,-1,GfWWuJUMouBsaZguRWYbynvPxdIxlRTKxEqKjLJBptFAsfIYEbDjmlLsf
ZG,Adopt,infrastructure,false,-3,fyfVELVnSMPvgkroDLHVEesaYWbqTIdQKmUmxhmqHtGyLnaFooMfJSEyikCdhUqagLkVMtll
nk,Adopt,infrastructure,true,2,ywqVLOaSppOJFytXGaMsiNVnfZBJtXCDHUWHSjiAavUdNgspMTDwgefmoortZyiJrZpkvyieKCAGHOOKczIJBGeAFaRwaYSZLScfHJWUsqpFEXZSgtEs
yuHYwdMdFAWbJ,Trial,infrastructure,false,0,rogiXPVkdoMCiRgSbiyMiKmWaeziGxsYlIcvRHUPrKvmlBFWpwYdyduoVzroOlkmUxgQ
QovUnJOOkALARD,Hold,datastore,false,2,HhfbCHcdGEHwkHUMkHClaRikAVIsQFOLIAtIhtdIhKKCYdutYTboLdsZYedacCVLyhLFpWhDWUQMdgVDsPKrDIgSSJImUHKaKXtVOrjJtfehHR
xKeCtT,Trial,data management,false,3,yaWdDxAzPoUbcYJIAcwTUOXeaOMBsCOUFDyTDkGXQnPhlsHkIPfTxYyBJZchUIWanuqKIwCxGsgaKfLNBFjMXtE
aXcducwMdsOMNf,Assess,datastore,true,3,hwgjxeltnTnfKXQHDOgPyjeEtYSDIZMvlUeFZAzfRaIoRYWDFTNDfTquFcLvhRhKGkXr
BzQChC,Assess,language,true,-1,pnNfudIvJlkRBSIRAaVvqTDRpebikRQGUBaWntZgXAnMXMLFPVNSIXksaZUaFJPbarZArneAdOrRyCbVZtZmknzOemswdvjbiahPLhxqISxyZQvPOvTlkpvEHlYMlmLNhtO
GAKZZjPThiVEcP,Trial,language,false,3,WrEjDESHKZWCsAvmlbchIePEGlxJUruiQtkTtXctnoKmkbsXkWcrYRQhASLosRnowqBlibDhmeHOPGWZyBmudgeXOmCTzpHnGGkkXlNeAKZKhjJehU
pRbDqBTyRRmrv,Assess,language,false,3,urqQWWtFpxMACmDCyMPVOIVsrhBexNvHvwxniLisenmfHDtiDVvtIrVNnNdozkERabGAOJtYtwAhdZzqoYfBYIIMowBxagStvFWUnuMVNrdVlcfrLHHzulNmgnkIS
NmpLMHclzsjXZ,Trial,language,true,-2,eOxUPIlMeMrhEkkvxfnTzsMnclMLOrzvbOcDpTtAaOoxOrGjPaIBlgPqHLNaRCrvPwNibczswTGfwsOYbBpG
LRrT,Assess,data management,true,0,GfAgZtjuzjjduclNgEiOBkgEWyzksWEyatBbPOgjCWFSXgUlydyPQFgtHflLBpbLmilaZQGUBSruKOmRhmGxaXWizpdbKvrPzUwXqlpQnEN
HP,Hold,data management,false,-2,GfYacgiKuprBVQQrSQMusmBfWynO
scAJYwB,Adopt,data management,false,2,QjXHcXTLRkcUsIwSZAWyPlYKbQtNggRwVdUAKgMTQUUVwLmxvKYENMMppXISOnHgCUMpcVmIAscdqHoSWKboKbXDBZmjvxy
ey,Assess,infrastructure,true,-1,bfSQuCeydnnZODlUSjXgKQngWzNUOibNmHfaZ
EWQW,Trial,infrastructure,false,0,hpKGWXbHUbaXrqaUEkWcAxzJTVtHoPMbNLLYNQohNWDIWYKieXMLVTsIDqdedFzccThnYRAyfuXxRJzz
YLfUbcRLTObSip,Assess,data management,false,3,WhutyKgpiQJfqZGGOWZWbGhsFpKmSTMEYMVQXchunGpFTlAymSbgcrnR
ksAQUVKLACnL,Trial,infrastructure,false,1,afzoPrHUeNGOEIYYOuWOmNiqIlrMbyMrOTTOcwJKyxKOROQgQFkOTVVnDOIBUKiZFKRzCpQbmYudXhfAQAgiVTiVpdwdcfxnOHzFpQPcsTwBJQEYjNEHjVAMQKmIyKitJFXMdnxBGRTYTHtUaLSYUh
mJDc,Assess,language,false,-2,adVEUIQrWZRaLnMELdvjgGNsVhqVAcNyvuAMCfVoFtdvYwFWEhiAcYUXjNSYSlmvPnZfBWfMgQHlBKJMFqzpfrURxmTqMuYDrBynyaYYRC
VzgGjCCmcSuTsj,Hold,infrastructure,true,3,zjJfAMpnzNkDXfOsBNCw
KKdlCouCMprHqt,Adopt,language,true,2,spJInhDMxROuXkvFHhPoSuvBcKNGSzQPhtyyGIEGNIypILlwCkKnvhxcEVjqplopQXlP
tMyiGKWk,Adopt,data management,false,-3,DMilZLgWcbHNkfBucHZzhsOcsFeoVAJqlrtdOvIOBYkKSEAVGoDCDPXgTwkrTiWrEMYxjIUHlEum
CcxUZdOPayrw,Hold,infrastructure,true,2,PfOIRddZGDFjcwvJKqGJpWPWGPAEtBhFyyJGKsAPzSRcJoyOdeVICQFUfVmnurEigAZAIaGrajBKfCDIFeQKKTMjIZoAZEuyQzGJWBHzkObzBMgpGQixFAMkIaRCXzufZwJPeBfyuNoWFtO
Bp,Adopt,language,false,-2,kGCNyVtjpeXcvQnifbwzAaikgdIiRebnKjFAcCrXjEhlUPdDqBSyZkiAyxcFTHvPeVMVYjzcYYxGpoXlPZFxUssXAArburRwuvHcOpSbzIgzgJtAjVbUsUTiVwHjyIGfWS
GNbyYj,Trial,language,true,-2,iiBxUwJJvsQObtHYdofzhrwpLtpYPnprRgrTiaiggSrNawExUBPBIpHEFfWZrMnqILxYyLKUlOYSrBclUetF
YhhvHQzvmcjh,Adopt,language,true,0,DvuVCbjDqeLLipGThAVOqbxymDRROiqVHtOisaHfDPVbuRBviqVCfpJgMTleMxaJuXWqERwRNsMhhxIhsagBYHDYxaGOoewXnJuGtpmJmlLrvFVKUzoyoTWpSVgDSdVEHKetmXhgKBhICrkkRYrV
Flqoawbv,Hold,infrastructure,false,0,bbbYxHCOBTljokKCMUkWkQcqWBKkJguTgB
Df,Hold,data management,true,1,igPNGxZoYrwnMNcNStxQAqEOMnyZvnzifXnYyjCDXivX
NVQ,Assess,language,true,3,COPTqrqrcwQzGLlbVEuYrseuVUjsWURHJVHcjiOmVlhQPyPIlNvtIQdtRMJarrSLQTrBmkeIUtViXMajTPbracqXTeDuktRWhfJYWRjLIhizCwlrgdOqixBtlNoQtSpCDPXCfWrNmKStFG
MPWsaaBZ,Hold,data management,true,0,zgBgouyqTIdtKpVHsuYiYucbBpsqFLQGVm
GFONwZQRZB,Assess,data management,true,0,xWdBXeQqmLbQjohjppjCvmThdLgIItPwFPeAFIyuxjFRgrq
kQGxOInmEE,Adopt,infrastructure,false,0,tzBwoSSpVNeOPKXWntwhnbOXdMjyGUWkdsXCUlAZGIveJzekTgnfJvYpEyQfHOhbxCezUEDLInvxAQsDoyGRrWKDVBFNGRQpBLBZGUCjFpQfqRehiVMgsMjpOgeWmzTZzqohxeF
pJWwroWbOmoLpcq,Adopt,data management,false,1,zkhKhBMDkqbEctkvCUginMfTzwiGqKPsyurDIpCYcwGsQdyMFcyKeeKHVsaiGAPBGPwhCeOeVdtyfeoZTRcPbdPHUSE
ymRnTfyJGvMtOo,Assess,data management,true,3,zLHeAMRTLNrsJxnqIJfKAOsUcmXdouWiYCyzqRamzwDNXAGhSAdKeAOvmAASzGeSqLyrvMrGSMVHAQUTpgYqiYZkHn
ailZbEkZdw,Adopt,data management,true,0,czLiCHrReScVXCnzqFiMoYsNoiyazfjuTdpLADnNFNEkJiPPbXU
UTxEoosUcE,Assess,language,true,-1,SoZAUlisFLzhKnUQFcZOpNxRTqGhPPRUlQrzlzWrFAUFAtfMWHsEfFbsyddovpxQhoRDOmdUdDFljKDRJOCjVGBDJ
VUD,Adopt,language,true,0,bnZEflmLlECzFkjpsLDolumFFsDoVCgLEIizikKFskCEuowpGUP
MZEeWw,Adopt,language,false,0,RJwEUiDIcMqXrkWwcxrwdrPsCHtPrhLNpzFzKPnNyyBriPXfRtEofjxXNuWBOuqNSXiEFMGGMYSbdSEJPPBlhqAecqALOhleXcMKYdvKREnjmDiOxyeSJMYXuoynBdTMXNPzwqIfdwMwtNrOqpwUR
jCRlGj,Adopt,data management,false,1,qHsHAyZJvgqAuXtnSXTrTKJPbcWqiaoMcxybOYEXZxGDBdNIQuOtTrKODOeKLpUnEAyiGjrJEmRnUwStxSMIQfXqEaRhoRJAHtdhUvqinJhBjgLCnSSJIHsRJQnrwllZFW
AMmwSIxHo,Assess,infrastructure,false,-2,SKpMzDqUTuCzlNjhBFFWFXpnWcigUysbfoJifHGYKQcfeqwauTQgBhEHjzqPEuGwheaWoMwUHBocwoWxAYCfgFxB
szDxe,Adopt,language,false,3,icSQpBshFuJwghDttWMnXV
UuUQRi,Adopt,infrastructure,true,0,XesAsFSibpyCEIRqkpERww
exrr,Hold,datastore,true,2,zEilaPxLQlAVsDpBtRNNwxIgYnFvKNrRsNUYoiaZpDToKsAeLsjnknd
xpc,Assess,language,true,-2,dtlTldinMREGPGeRHmancLraptBkdIzEkAbrDuUdIEgVfavPqyCe
EUhncfJfQkmNl,Trial,infrastructure,true,1,dhGDpcNaeLOIyUcvBcxJaonzsfTheXkzVVVtwqzQKcYfHPeDfQCZPQbhPAqtrcNRfMlpURPfunFyONxSXpngorGxzGWuUPmtGkKx
tJ,Trial,data management,false,1,GkKLUDXBzlhayoBaNZGoGpfCLgbpkBgRWSTKTfXtwkSjNGGqkqrcCcmcalCgrGIWMmmbPZGramVBUoOhvvbfMcMCdHaFyv
kzBtKzvADJ,Assess,language,false,-2,baXsjlDuELyXiZMQzNDABSBupNpzUnwkHLkjnQZCvZHrLmTLvhzgUDCgyzagtKpJSOBCNWjzrmI
gr,Adopt,infrastructure,false,3,MBuLydAAAncnyDwHCIwEPzjmpFrYnhgGjADHvdjvWfbcpIfFKxxNzFhOFWcAFxACgmg
VDwYKv,Assess,infrastructure,true,0,tIXOqwYTySfGVYXMqjAbllTfHeKdVXwXXmPMyjHGoeBDmplrnUhlGpFMDUdrmJNaJYGCtnPbzifSP
